,nome,telefone
86,Aaron Byrd,1-123-343-7816
4,Abbot Knapp,1-475-850-6484
226,Abdul Petersen,(745) 597-2584
393,Abel Garner,(624) 917-6370
23,Abigail Solomon,1-565-818-9313
300,Abra Stanton,(232) 827-8732
40,Adele Castaneda,1-280-451-7297
184,Adrian Underwood,1-200-315-8393
35,Ainsley Anthony,1-625-421-2722
21,Akeem Solis,1-293-871-3466
365,Aladdin Fitzpatrick,1-629-742-7343
307,Aladdin Mosley,(960) 518-8795
362,Alec Barrett,(487) 154-7933
13,Alexis Hess,(814) 916-4646
110,Alfonso Fleming,(413) 839-8415
88,Alfonso Maynard,(241) 376-1584
396,Alfreda Brown,1-631-871-7010
449,Ali Gallagher,1-355-207-5458
85,Alice Foreman,1-494-271-2255
50,Alika Branch,1-879-232-0870
218,Alika Simpson,(779) 275-7262
58,Alisa Peters,(225) 542-7328
117,Allegra Hull,(724) 349-3694
197,Allegra Weiss,(858) 270-4371
229,Alma Alford,(818) 617-6743
262,Alma Bass,(524) 535-9052
355,Althea Johns,(478) 222-5435
114,Alvin Boyd,(685) 927-2136
428,Alvin Spence,1-671-823-9337
203,Amal Herman,1-627-688-2986
182,Amal Ward,1-505-236-7546
374,Amaya Mcmillan,1-398-613-2561
115,Amaya Nichols,1-973-689-7743
461,Amaya Webb,1-238-668-8784
195,Amela Hurst,1-973-981-6766
59,Amery Haney,(281) 338-5763
191,Amos Workman,1-335-817-6188
32,Anastasia Dawson,(784) 230-9742
183,Anthony Booker,1-156-476-8846
411,Aphrodite Best,1-779-192-6234
73,Aquila Ewing,(967) 413-6151
214,Arden Grimes,(234) 367-5232
134,Ariel Richard,(715) 175-1435
440,Aristotle Dudley,1-351-441-1885
485,Arthur Britt,1-658-456-4836
39,Astra Foley,1-651-462-8371
255,Audra Reeves,1-423-873-2423
186,Aurelia Dodson,(284) 656-3826
172,Austin Castaneda,(825) 877-9865
384,Ava Michael,(444) 655-7446
369,Avye Carr,1-829-317-2333
272,Azalia Vaughan,(403) 513-9133
28,Azalia Vaughn,1-121-449-4757
464,Baker Alvarez,1-494-612-4698
80,Baker Flores,1-799-509-3412
108,Barrett Hopper,1-236-577-4774
345,Basia Conrad,(524) 170-6132
360,Basia Copeland,1-782-704-1788
280,Beck Bradshaw,1-863-887-4521
335,Beck Smith,(920) 952-8971
12,Bell Wall,(949) 383-5338
179,Benedict Church,1-717-345-2047
137,Benjamin Kennedy,1-668-132-8915
287,Benjamin Singleton,(518) 768-9649
120,Berk Henry,1-262-678-0576
225,Berk Malone,1-343-326-9707
436,Bert Dominguez,1-643-108-8737
78,Bertha Mccarthy,(327) 237-1672
496,Bertha Terrell,(284) 622-5871
166,Bethany Carver,1-854-915-1081
304,Bevis Lindsey,1-814-813-5079
366,Blythe Witt,1-585-727-4147
164,Bradley Fry,1-513-556-4513
380,Bradley Kirk,1-688-668-4689
70,Bradley Pacheco,1-171-507-7390
44,Brady Vance,1-251-205-7465
325,Branden Merritt,1-626-286-8545
136,Brandon Wilson,1-284-416-6425
264,Bree Arnold,(906) 883-7263
207,Bree Graves,(782) 316-1330
452,Brenden Wise,1-774-583-6132
361,Brennan Peterson,1-241-673-2611
405,Brianna Mccullough,(417) 676-3131
132,Briar Santos,1-828-337-1842
379,Britanni Ferrell,(135) 717-5947
200,Bruce Branch,(713) 300-1522
329,Bruno England,1-488-758-8116
71,Buffy Miles,(771) 513-0232
338,Byron Nicholson,(492) 181-4631
189,Cain Burch,(122) 435-7611
273,Callie Koch,1-519-554-6653
215,Calvin Downs,1-805-678-1969
33,Cameron Castillo,1-279-140-6826
24,Cameron Hendricks,1-230-433-4452
56,Carissa Bright,(617) 399-1614
414,Carissa Gutierrez,(841) 207-6241
283,Carl Sutton,(481) 167-4747
472,Carson Gardner,1-263-184-4861
177,Carter Russell,(963) 215-8032
347,Cassady Fry,(267) 865-6051
11,Cassidy Hendricks,(347) 797-1222
463,Catherine Carrillo,(622) 860-2363
344,Cecilia Benjamin,(223) 633-2683
119,Cedric Atkinson,(505) 691-6598
269,Chadwick Nielsen,1-196-165-2920
153,Chandler Beard,(254) 965-7156
171,Charlotte Nieves,(514) 585-6048
398,Chastity Mueller,(641) 517-3377
259,Chastity Parker,1-271-928-5126
375,Chava England,1-440-241-2276
163,Christine Haney,(995) 363-8665
187,Ciara Ball,1-926-769-1207
65,Claire Dudley,(861) 553-1833
150,Clayton Chapman,(240) 928-7849
167,Clementine Reese,1-558-387-6766
99,Clinton Hurley,(641) 811-0213
412,Coby Montgomery,(716) 484-2153
426,Colette Logan,(833) 625-2153
403,Colin Hunt,(683) 823-3262
433,Colt Clayton,1-555-899-6493
162,Colton Mcdaniel,1-376-491-2470
26,Constance Wright,1-453-571-4641
442,Craig Avila,1-625-182-6728
64,Cynthia Hunt,1-548-972-1171
230,Dale Hull,(712) 867-3797
176,Dale Newton,1-695-535-3527
63,Dana Weiss,(398) 782-5749
469,Danielle Boyle,(275) 331-4381
254,Daquan Lane,(612) 736-6723
368,Darius Buchanan,1-651-246-4982
249,Daryl Mcpherson,(386) 329-3572
451,David Boone,1-672-884-3289
370,David Leblanc,(771) 267-6109
244,Davis Jones,(441) 374-0074
67,Declan Adams,(821) 408-4378
42,Denton Mendez,1-621-537-7672
458,Destiny Hurley,1-253-437-1568
453,Devin Hodge,1-648-571-9822
298,Dexter Ayers,(319) 882-0664
443,Dexter Fitzpatrick,1-245-526-0338
140,Dorian Watts,1-713-938-1588
201,Dustin Franco,(391) 423-2577
427,Ebony Porter,1-291-283-5572
1,Echo Cameron,(640) 218-1137
222,Edward Price,1-687-462-1772
271,Elizabeth Briggs,(682) 373-7723
148,Emery Alford,(539) 135-4714
81,Emi Finley,(939) 877-6013
359,Emma Beach,1-865-718-1240
55,Erich Porter,(307) 726-7728
320,Ethan Castro,1-823-655-2032
54,Eugenia Best,(559) 334-4136
330,Evan Morrison,1-772-407-2737
10,Evangeline Sargent,1-233-419-2516
138,Ezra Talley,1-457-510-7738
193,Ferdinand Underwood,1-873-426-8967
219,Finn Medina,(576) 615-3785
60,Fiona Benjamin,1-321-952-5732
450,Fitzgerald Everett,1-475-805-9115
444,Fitzgerald Peters,(256) 250-1220
112,Fletcher Lara,(526) 791-2717
377,Flynn Carrillo,1-862-788-7967
494,Freya Spears,1-324-526-4668
29,Fritz Mcdonald,(315) 762-4638
34,Fuller Carter,(832) 290-7962
139,Galena Goodwin,1-652-548-8181
79,Galvin Hyde,1-735-176-4156
301,Gary Mckay,1-786-550-5383
37,Gary Todd,(637) 767-7872
402,Gemma Michael,(313) 750-8831
314,Geoffrey Michael,1-455-356-0531
439,Giacomo Hahn,(245) 217-8954
231,Glenna Valencia,1-238-884-4093
147,Gloria Williamson,1-216-444-9187
161,Graiden Wheeler,(135) 864-3304
420,Gray Davenport,(318) 692-6026
221,Gray Stokes,1-573-352-5407
498,Guy Roman,1-300-865-3432
233,Gwendolyn Newman,1-548-509-5416
125,Hadley Preston,1-353-394-7746
174,Halee James,1-976-334-2527
310,Hall Silva,(823) 866-0831
227,Hamilton Delacruz,(511) 555-5922
466,Hamilton Hoover,1-876-732-8531
351,Hamilton Hughes,1-489-363-9623
406,Hanna Shelton,(420) 396-4868
17,Harlan Combs,1-750-438-7584
475,Harper Moreno,(435) 847-0768
235,Harriet Weeks,(320) 828-6273
47,Harrison Horn,1-758-139-8849
84,Harrison Wright,(360) 841-6371
25,Hashim Alford,(557) 541-3831
0,Hayden Nicholson,1-262-848-2640
185,Heather Solomon,(594) 654-1117
5,Heather Soto,1-216-287-6784
190,Hector Guerrero,1-451-669-8614
263,Hedy Bradford,1-515-828-6268
240,Heidi Prince,1-588-391-2387
425,Henry Gilbert,1-772-996-8857
352,Henry Hess,(812) 166-5733
326,Henry Mcfarland,1-345-408-8216
285,Hermione Duncan,1-701-885-4166
497,Herrod Chapman,(511) 488-2172
413,Hilary Potts,1-472-543-5723
217,Holly Wilkinson,1-374-723-6627
407,Holmes Stanton,1-232-382-4643
353,Honorato Cole,1-172-624-1337
389,Howard Rosario,1-820-512-6393
258,Hu Robinson,(841) 103-4131
45,Hu Stevenson,(289) 948-5241
8,Hunter Chapman,(921) 618-2678
77,Hunter Miranda,1-331-473-2787
76,Hunter Page,1-823-951-8611
473,Idona Pollard,1-854-458-6768
31,Ignatius Guy,1-655-750-6823
181,Iliana Barry,1-474-719-4075
476,Imani Hines,(671) 741-3733
276,Imani Shaffer,(772) 332-0525
311,Imogene Fletcher,1-761-318-0333
18,Inez Fox,1-476-292-9339
478,Iona Jennings,1-793-587-1483
205,Ira James,(543) 385-9197
275,Iris Rosales,1-792-708-8567
87,Irma Tyler,1-795-847-8800
7,Isabelle Crosby,(782) 829-8251
401,Isaiah Jennings,1-260-439-4518
209,Jack Jackson,(298) 631-9316
491,Jacob Burns,(843) 753-6560
96,Jaden O'Neill,(352) 308-0198
438,James Walker,1-217-993-6676
239,Jaquelyn Whitehead,1-355-702-8661
340,Jarrod Contreras,1-201-730-3374
245,Jason Lawrence,1-459-259-0248
400,Jenette Lambert,1-833-626-4551
175,Jeremy Haynes,1-343-687-7044
267,Jeremy Koch,(232) 321-2611
288,Jillian Dixon,(389) 260-7486
410,Jillian Fernandez,1-863-308-3451
250,Jocelyn Frank,(273) 307-6051
474,Jocelyn Mcdaniel,(534) 380-6530
373,Joelle Richmond,1-377-641-0053
390,Jolene Roberson,(356) 741-0512
445,Jonas Holman,1-218-241-2739
246,Jonas May,1-781-729-8837
266,Jordan Keller,1-422-513-6791
306,Jorden Merritt,(775) 551-8735
299,Joseph Kerr,1-234-650-8254
363,Joseph Petty,(981) 678-2340
324,Joshua Luna,1-545-826-6167
315,Joy Ramsey,(585) 638-7463
421,Judah Mejia,(556) 694-1577
270,Judah Myers,1-941-537-1643
66,Justin Sims,(330) 900-5436
482,Justine Smith,1-122-679-2720
350,Kadeem Carroll,(346) 571-1206
348,Kai Mccoy,1-581-741-5837
371,Kalia Dudley,(541) 796-4283
447,Kane Kirby,(152) 571-7830
435,Kane Singleton,(533) 671-2570
357,Karen Mathis,(716) 427-6150
52,Karyn Warner,1-844-378-7757
319,Kasimir Santiago,1-797-427-7411
486,Kasper Cruz,(838) 701-8971
446,Kato Horton,1-226-322-5387
142,Kato Miller,1-428-684-3832
297,Kay Craft,(822) 538-0502
456,Keaton Sheppard,(515) 881-2885
455,Keegan Weber,1-873-551-7406
441,Keiko Guerra,(902) 556-4816
129,Keiko Santiago,1-187-152-3188
484,Keith Bishop,1-755-380-3648
210,Keith Romero,1-886-711-9641
91,Kelsey Mcleod,1-227-309-7422
9,Kennan Snyder,(422) 810-5768
277,Kennedy Andrews,(387) 686-4226
457,Kennedy Glenn,1-278-770-1319
109,Kennedy Randolph,1-246-620-7770
257,Kerry Good,1-408-555-6348
169,Kevin Colon,1-246-714-4713
242,Kibo Estes,(713) 357-6203
30,Kieran Gibson,(541) 164-3824
322,Kieran Gill,1-273-698-7642
16,Kimberley Andrews,1-546-353-7935
15,Kirestin Quinn,(650) 824-1338
342,Kirestin Weeks,(810) 173-4673
75,Kirsten Parsons,(865) 254-7643
459,Kirsten Willis,1-525-869-6661
243,Kuame Bolton,1-222-426-5184
57,Kylee Hartman,(418) 460-1432
431,Kylee Stanton,1-762-483-4262
208,Kylynn Harrison,1-533-743-3411
337,Kylynn Levy,1-957-790-6477
89,Kylynn Stark,(653) 428-3962
144,Lamar Noble,(114) 389-8153
43,Lana Mckinney,1-581-452-6231
165,Lareina Fernandez,1-543-482-9361
408,Lars Rowe,(855) 457-9533
349,Lars Suarez,(708) 346-9818
160,Latifah Sharpe,1-427-862-6624
101,Leah Klein,1-316-856-7183
94,Leah Velasquez,(898) 966-4521
434,Lee Huffman,(621) 569-5939
2,Len Porter,(657) 370-2202
479,Len Short,1-360-958-4838
328,Leonard Morse,(938) 683-9493
192,Leonard Steele,1-540-781-3389
278,Leroy Barlow,1-706-758-7777
489,Leroy Golden,1-420-656-4273
422,Lesley Vasquez,(366) 813-7131
237,Leslie Bailey,(573) 872-5751
293,Lester Beach,1-317-486-2712
135,Lev Ortiz,1-327-112-4704
194,Libby Barrera,(231) 421-4641
493,Liberty Waters,(576) 646-4783
395,Lilah Arnold,(547) 403-3231
123,Lillith Dominguez,1-675-437-8293
212,Linus Waters,1-411-853-7408
409,Louis Lambert,(402) 560-9718
158,Lucius Bender,1-712-713-8189
27,Lunea Alvarado,1-570-541-6575
334,Lydia Stark,(696) 653-5123
341,Lyle Goodman,1-413-721-9049
122,MacKensie Rosario,1-845-245-5781
155,Madaline Haley,1-711-282-1977
102,Maggie Henry,1-532-567-7516
430,Maia York,(611) 771-7453
127,Malcolm Stephens,1-868-672-7184
38,Mallory Kidd,(711) 811-4393
224,Mariko Gates,(177) 260-3053
470,Maris Russell,(753) 965-2829
41,Mark Underwood,1-875-452-6456
424,Martin Gamble,(494) 813-7097
128,Mary Schroeder,(311) 547-3989
292,Maryam Talley,(831) 889-7468
252,Matthew Suarez,1-617-389-3121
364,May Hancock,(627) 753-3213
113,Maya Collier,(936) 770-6244
290,Mechelle Mcmahon,1-128-638-1722
323,Medge Mckenzie,1-496-320-4725
105,Medge Peterson,1-356-274-9376
228,Meghan Colon,(760) 390-3144
107,Melanie Emerson,(696) 454-4278
284,Melanie Thomas,(484) 846-1886
308,Melvin Mcleod,1-896-566-6735
168,Mercedes Buckley,1-711-335-1176
488,Mercedes Stevens,(815) 837-8564
90,Mia Stokes,(323) 195-4387
116,Micah Flowers,1-575-242-5362
118,Michael Leach,(462) 565-8801
198,Michael Moreno,1-235-188-5428
388,Mikayla Jacobs,(488) 582-3288
131,Mollie Carpenter,1-566-270-2347
279,Mollie Perkins,1-372-593-9278
61,Moses Copeland,(514) 645-0227
223,Moses Workman,(804) 637-5987
261,Myles Buckley,(380) 989-7651
236,Nasim Merritt,1-597-517-2551
281,Nathaniel Mccarthy,(395) 185-1657
302,Nayda Fitzgerald,(184) 577-0347
492,Neil Patterson,1-368-625-3273
133,Neil Stein,(423) 625-0648
95,Neville Reese,1-950-589-4607
68,Nicholas Olson,(500) 123-5454
460,Nicholas Reeves,(537) 805-2450
265,Nicole Reilly,1-555-362-3677
256,Nigel Gilbert,(326) 472-0063
419,Nissim Mathis,(147) 616-6201
206,Nita Pate,1-335-214-0732
154,Noble Norman,1-115-557-7103
418,Noble Roy,1-387-857-7272
343,Norman Cook,(646) 794-6885
358,Norman Shepherd,(513) 822-7644
383,Octavius Dixon,1-381-907-4644
97,Octavius Ferrell,(812) 853-8174
339,Odette Kinney,(664) 786-2947
19,Oliver Anderson,1-536-893-0294
204,Omar Crosby,1-397-618-1485
253,Omar Merritt,1-601-482-7490
462,Oprah Richmond,1-834-814-7640
417,Ori Allen,(375) 281-2353
346,Orla James,(630) 442-5508
289,Orlando Fields,1-477-116-1672
385,Orlando Merrill,1-341-264-5459
20,Pandora Newton,(513) 845-9178
100,Patrick Bowers,1-652-486-3963
3,Pearl Stout,(245) 345-4683
234,Perry Young,(388) 472-1191
387,Phoebe Ferrell,(378) 647-7375
49,Quail Stephens,1-441-426-8445
309,Quamar Fleming,1-325-167-5580
124,Quynn Weber,1-624-253-4517
376,Rafael Fuentes,1-249-269-1667
202,Rahim Howe,(433) 933-1635
382,Rana Dennis,1-522-541-8225
318,Raphael Carey,(521) 902-5337
121,Rashad Contreras,(356) 216-2658
294,Rashad Dunn,(771) 548-2288
188,Rhoda Prince,(164) 863-3892
83,Rhona Newman,(984) 387-1218
260,Risa Pitts,(262) 525-4861
291,Robert Lawrence,(390) 927-7787
468,Robin Wilson,(845) 551-0178
282,Ronan Kent,(464) 734-4775
216,Ronan Mcneil,1-732-488-3484
157,Rooney Cox,(623) 701-5252
295,Rose Morin,(872) 511-4425
145,Ross Good,1-637-604-6429
98,Ross Hess,(515) 361-3225
211,Rowan Nixon,1-444-575-3713
104,Ryan Gould,1-548-438-0152
286,Ryan Reyes,(799) 437-5879
303,Sacha Diaz,1-541-519-4285
415,Sage Nunez,(246) 331-3378
51,Salvador Nielsen,(182) 549-2277
196,Sandra Carey,(666) 993-1106
399,September Wilcox,(116) 175-5461
82,Serena Webb,1-684-422-9366
487,Serena Whitney,(379) 736-4845
495,Serina Austin,1-524-231-1438
317,Seth Curry,1-403-352-2294
173,Sharon Garner,1-216-748-8622
238,Sharon Noel,1-659-158-4732
143,Sharon Pate,1-951-845-7684
69,Shelby Mcdowell,1-871-132-1597
213,Shelley Clay,(439) 423-3335
248,Shelley Lyons,(111) 204-3766
356,Signe Gordon,(222) 741-3185
354,Simone Hamilton,(393) 822-8621
499,Skyler Blackburn,1-665-585-2373
6,Slade Parker,(414) 680-7432
62,Slade Woods,(641) 513-6514
394,Sonya Vinson,1-753-255-3141
126,Sophia Fuller,1-866-646-7284
106,Stacy Larsen,(301) 346-6827
454,Steven Nash,1-342-754-3556
392,Stone Cunningham,1-874-217-3730
483,Summer Zamora,1-550-614-6174
251,Susan Dean,(693) 621-7564
130,Sybil Boyd,1-237-285-6286
367,Sylvia Mathis,(703) 762-3850
305,Sylvia Mccarty,1-824-962-9622
48,Tana Gillespie,(464) 984-8153
404,Tanek Mcgee,1-982-766-0099
46,Tanek Moses,1-728-489-6285
296,Tanisha Benjamin,1-578-329-2273
241,Tanisha Gilliam,(460) 266-6663
372,Tanner Cannon,(927) 244-1218
467,Tanya Blevins,(821) 841-2745
481,Tarik Mccray,1-424-318-0915
381,Tarik Pena,(483) 274-8562
74,Tashya Valenzuela,(361) 851-7800
316,Tatyana Henderson,1-184-365-8676
432,Tatyana Michael,(785) 471-1560
103,Thane Bass,(399) 148-4144
180,Thane Mcintyre,1-521-604-8207
416,Thor Cantrell,1-947-546-6990
437,Thor Leon,(615) 231-2281
397,Tiger Bright,(812) 249-0222
156,Tobias Frank,1-253-796-4107
378,Tobias Lindsay,(452) 462-7280
477,Tobias Oliver,(221) 800-4047
274,Travis Rice,(211) 923-4318
141,Troy Mccall,(534) 753-5236
232,Troy Olsen,(448) 383-7822
448,Tyrone Weaver,1-823-347-4824
152,Ulric Rodriquez,1-204-327-6384
332,Ulysses Butler,(313) 519-7533
247,Ulysses Nieves,1-478-883-3685
391,Uma Eaton,(266) 441-5724
22,Upton George,1-702-237-9402
93,Uriah Stafford,(378) 626-2329
53,Urielle Guy,(233) 776-1174
423,Ursa Rosa,1-298-110-5614
220,Ursula York,(268) 455-7357
111,Valentine Gay,1-333-664-7384
146,Veronica Ayala,1-712-266-7857
465,Veronica Butler,(668) 243-4461
199,Vielka Jimenez,(947) 364-8775
14,Virginia Landry,1-263-856-0116
312,Vivian Jacobs,1-669-717-7737
268,Wanda Webb,(844) 250-3214
149,Warren Rivas,1-743-485-5932
386,Wendy Mercer,(483) 434-3419
336,Whoopi Carr,1-877-481-1446
471,Willa Berger,1-325-465-2843
429,Wing Vang,1-355-784-8636
331,Wylie Santana,(588) 777-8641
36,Wynne Chang,(331) 732-3624
92,Xandra Flynn,1-142-256-4961
159,Xyla Alston,(296) 942-6256
333,Yen Cunningham,(358) 221-2112
178,Yolanda Wilson,(844) 526-1116
151,Zena Clark,1-746-761-3589
480,Zenaida Reed,(574) 673-3582
327,Zenia Coleman,1-261-362-6372
321,Zeph Preston,(880) 532-3480
313,Zeph Sykes,1-328-275-8090
72,Zephania Cox,1-228-876-3948
170,Zephania Ruiz,1-576-831-2548
490,Zorita Baldwin,(359) 129-7668
