nome,telefone,email,cep,estado
Hayden Nicholson,1-262-848-2640,et.netus.et@yahoo.com,58078-354,Paraná
Echo Cameron,(640) 218-1137,volutpat.nunc@outlook.edu,91058-985,Pará
Len Porter,(657) 370-2202,penatibus.et.magnis@aol.ca,88613-734,Santa Catarina
Pearl Stout,(245) 345-4683,et@protonmail.org,58931-887,Rio Grande do Sul
Abbot Knapp,1-475-850-6484,donec.vitae.erat@icloud.ca,56633-071,Pará
Heather Soto,1-216-287-6784,sem.magna@aol.ca,48384-789,Goiás
Slade Parker,(414) 680-7432,sit.amet@protonmail.com,36710271,Rio de Janeiro
Isabelle Crosby,(782) 829-8251,cursus.a@outlook.com,65786-716,Santa Catarina
Hunter Chapman,(921) 618-2678,amet.risus@icloud.com,58178-783,Paraná
Kennan Snyder,(422) 810-5768,adipiscing.non@aol.ca,81188-511,Maranhão
Evangeline Sargent,1-233-419-2516,sit.amet@protonmail.couk,88533-585,Rio de Janeiro
Cassidy Hendricks,(347) 797-1222,sit@aol.ca,18484-746,Goiás
Bell Wall,(949) 383-5338,ornare.placerat@aol.couk,65632-337,Goiás
Alexis Hess,(814) 916-4646,convallis@google.net,24086-527,Paraná
Virginia Landry,1-263-856-0116,lobortis.quam@icloud.org,15077-557,Santa Catarina
Kirestin Quinn,(650) 824-1338,magna.suspendisse@outlook.ca,25578-058,Minas Gerais
Kimberley Andrews,1-546-353-7935,euismod@outlook.edu,65342-444,Minas Gerais
Harlan Combs,1-750-438-7584,morbi.tristique@yahoo.ca,68475-517,São Paulo
Inez Fox,1-476-292-9339,tellus.sem.mollis@protonmail.net,88230-070,Goiás
Oliver Anderson,1-536-893-0294,venenatis@protonmail.org,54575-057,São Paulo
Pandora Newton,(513) 845-9178,metus.urna.convallis@protonmail.couk,23138-034,Maranhão
Akeem Solis,1-293-871-3466,phasellus@outlook.org,61758-067,Goiás
Upton George,1-702-237-9402,metus@icloud.ca,67512-623,Santa Catarina
Abigail Solomon,1-565-818-9313,egestas@hotmail.edu,65217-530,Rio Grande do Sul
Cameron Hendricks,1-230-433-4452,sapien@hotmail.edu,82650-204,Pernambuco
Hashim Alford,(557) 541-3831,quisque.tincidunt.pede@protonmail.edu,86654-114,Rio Grande do Sul
Constance Wright,1-453-571-4641,neque@google.edu,68652-052,Ceará
Lunea Alvarado,1-570-541-6575,orci.lobortis@outlook.net,58862-667,Santa Catarina
Azalia Vaughn,1-121-449-4757,vehicula.aliquet.libero@outlook.org,41114-708,Goiás
Fritz Mcdonald,(315) 762-4638,mus.donec@icloud.net,74721-811,Rio de Janeiro
Kieran Gibson,(541) 164-3824,aliquet.nec@yahoo.net,23981-917,Rio de Janeiro
Ignatius Guy,1-655-750-6823,sed@protonmail.ca,40765-836,Pernambuco
Anastasia Dawson,(784) 230-9742,purus@protonmail.edu,23772-464,Bahia
Cameron Castillo,1-279-140-6826,blandit.mattis@protonmail.com,33041195,Pará
Fuller Carter,(832) 290-7962,dui.semper@icloud.edu,66759-572,Paraná
Ainsley Anthony,1-625-421-2722,erat.eget@icloud.com,42541-314,Paraná
Wynne Chang,(331) 732-3624,fringilla.est@icloud.com,37094110,Minas Gerais
Gary Todd,(637) 767-7872,nisl.maecenas@google.org,54264-727,Rio de Janeiro
Mallory Kidd,(711) 811-4393,tellus.nunc@google.couk,44490-786,Maranhão
Astra Foley,1-651-462-8371,sollicitudin.a@yahoo.com,67522-824,Ceará
Adele Castaneda,1-280-451-7297,nulla@yahoo.ca,53648-244,Maranhão
Mark Underwood,1-875-452-6456,et.eros.proin@protonmail.org,43350-982,Rio Grande do Sul
Denton Mendez,1-621-537-7672,integer@aol.edu,51714-434,Rio Grande do Sul
Lana Mckinney,1-581-452-6231,tincidunt.dui@google.ca,56584-718,Maranhão
Brady Vance,1-251-205-7465,ipsum.primis@hotmail.net,21076-428,Minas Gerais
Hu Stevenson,(289) 948-5241,magna@aol.net,88866-338,Rio Grande do Sul
Tanek Moses,1-728-489-6285,rutrum@outlook.couk,58204-650,Paraná
Harrison Horn,1-758-139-8849,amet.orci.ut@outlook.ca,76772-185,Bahia
Tana Gillespie,(464) 984-8153,odio@yahoo.couk,82888-632,Santa Catarina
Quail Stephens,1-441-426-8445,ridiculus.mus.proin@google.org,74748-846,Bahia
Alika Branch,1-879-232-0870,proin.dolor.nulla@yahoo.edu,62227-834,Paraná
Salvador Nielsen,(182) 549-2277,aliquet@yahoo.org,51447-573,Paraná
Karyn Warner,1-844-378-7757,eu.metus.in@yahoo.edu,39117656,Santa Catarina
Urielle Guy,(233) 776-1174,dolor.fusce.mi@aol.edu,86051-740,Pernambuco
Eugenia Best,(559) 334-4136,lacinia.orci@hotmail.org,74702-224,Santa Catarina
Erich Porter,(307) 726-7728,cum.sociis@protonmail.org,81074-562,Bahia
Carissa Bright,(617) 399-1614,bibendum.sed@hotmail.org,75718-544,Ceará
Kylee Hartman,(418) 460-1432,pede.cras@protonmail.edu,55713-576,Santa Catarina
Alisa Peters,(225) 542-7328,ullamcorper.duis@aol.org,15432-458,Santa Catarina
Amery Haney,(281) 338-5763,arcu.vel.quam@hotmail.couk,89934-717,Santa Catarina
Fiona Benjamin,1-321-952-5732,nec.leo@outlook.net,89345-861,Paraíba
Moses Copeland,(514) 645-0227,varius.orci@yahoo.ca,63424-274,Minas Gerais
Slade Woods,(641) 513-6514,nibh.sit@yahoo.net,88893-731,Ceará
Dana Weiss,(398) 782-5749,velit@yahoo.ca,67206-740,São Paulo
Cynthia Hunt,1-548-972-1171,lorem.ipsum@icloud.net,58771-486,Goiás
Claire Dudley,(861) 553-1833,augue.scelerisque@google.couk,37124047,Rio de Janeiro
Justin Sims,(330) 900-5436,nisi.cum.sociis@protonmail.edu,58522-592,São Paulo
Declan Adams,(821) 408-4378,diam.eu@hotmail.edu,19841-762,Paraíba
Nicholas Olson,(500) 123-5454,donec.sollicitudin@hotmail.edu,83983-726,Pernambuco
Shelby Mcdowell,1-871-132-1597,ac.feugiat@aol.org,88635-683,Bahia
Bradley Pacheco,1-171-507-7390,feugiat.non@protonmail.com,58317-799,Minas Gerais
Buffy Miles,(771) 513-0232,morbi.quis@aol.org,73734-444,Paraíba
Zephania Cox,1-228-876-3948,at.velit@outlook.ca,51357-847,Bahia
Aquila Ewing,(967) 413-6151,augue@hotmail.edu,88847-719,Maranhão
Tashya Valenzuela,(361) 851-7800,nibh.dolor.nonummy@yahoo.edu,35613076,Paraná
Kirsten Parsons,(865) 254-7643,dui.fusce.diam@hotmail.net,17046-864,Paraíba
Hunter Page,1-823-951-8611,est.congue@yahoo.com,63838-356,Paraíba
Hunter Miranda,1-331-473-2787,accumsan.laoreet.ipsum@icloud.ca,67329-596,Goiás
Bertha Mccarthy,(327) 237-1672,et.magnis@aol.edu,58161-036,Ceará
Galvin Hyde,1-735-176-4156,et.risus@google.couk,51715-027,Santa Catarina
Baker Flores,1-799-509-3412,sapien.gravida.non@outlook.com,82863-151,Paraíba
Emi Finley,(939) 877-6013,interdum@protonmail.com,51512-347,Santa Catarina
Serena Webb,1-684-422-9366,tortor.nunc@outlook.ca,83020-646,Ceará
Rhona Newman,(984) 387-1218,interdum.curabitur@google.couk,61676-148,Paraíba
Harrison Wright,(360) 841-6371,arcu@protonmail.org,58852-307,Rio de Janeiro
Alice Foreman,1-494-271-2255,pellentesque.ut@protonmail.couk,93713-522,Bahia
Aaron Byrd,1-123-343-7816,quis.pede@yahoo.net,62831-288,Maranhão
Irma Tyler,1-795-847-8800,semper.pretium@outlook.ca,30992182,Santa Catarina
Alfonso Maynard,(241) 376-1584,interdum@yahoo.org,50921-034,Minas Gerais
Kylynn Stark,(653) 428-3962,a.enim@outlook.org,63778-288,Rio Grande do Sul
Mia Stokes,(323) 195-4387,dignissim.magna.a@protonmail.edu,89478-877,Goiás
Kelsey Mcleod,1-227-309-7422,est.mauris.eu@outlook.edu,86028-331,Paraíba
Xandra Flynn,1-142-256-4961,suspendisse@outlook.couk,94865-858,Pará
Uriah Stafford,(378) 626-2329,lectus.convallis@protonmail.com,43478-324,Rio Grande do Sul
Leah Velasquez,(898) 966-4521,felis.nulla.tempor@aol.com,65357-501,Minas Gerais
Neville Reese,1-950-589-4607,maecenas.libero@yahoo.org,61766-124,Goiás
Jaden O'Neill,(352) 308-0198,dapibus.id.blandit@outlook.net,73724-745,Pará
Octavius Ferrell,(812) 853-8174,ultrices.vivamus.rhoncus@yahoo.ca,62575-518,Minas Gerais
Ross Hess,(515) 361-3225,libero.at@outlook.couk,61535-731,Bahia
Clinton Hurley,(641) 811-0213,amet.lorem@aol.com,88544-044,Goiás
Patrick Bowers,1-652-486-3963,eu@yahoo.ca,61683-365,Pará
Leah Klein,1-316-856-7183,proin@aol.couk,31419752,Rio de Janeiro
Maggie Henry,1-532-567-7516,varius.ultrices@google.net,34936668,Rio Grande do Sul
Thane Bass,(399) 148-4144,egestas.a.dui@hotmail.com,38523214,São Paulo
Ryan Gould,1-548-438-0152,quisque.porttitor@google.net,65515-870,Rio de Janeiro
Medge Peterson,1-356-274-9376,non.cursus.non@aol.edu,46724-537,Santa Catarina
Stacy Larsen,(301) 346-6827,euismod.et@outlook.couk,65674-415,Minas Gerais
Melanie Emerson,(696) 454-4278,integer.id@protonmail.net,89273-321,Rio Grande do Sul
Barrett Hopper,1-236-577-4774,donec.nibh@yahoo.net,68826-844,Santa Catarina
Kennedy Randolph,1-246-620-7770,non.nisi@protonmail.org,65336-569,Maranhão
Alfonso Fleming,(413) 839-8415,lacinia@protonmail.com,53024-778,Ceará
Valentine Gay,1-333-664-7384,aliquet@hotmail.couk,34614388,Santa Catarina
Fletcher Lara,(526) 791-2717,gravida.nunc.sed@hotmail.edu,66077-124,Minas Gerais
Maya Collier,(936) 770-6244,aliquam.erat@hotmail.com,65866-665,Goiás
Alvin Boyd,(685) 927-2136,tempus.non.lacinia@icloud.edu,37087064,Goiás
Amaya Nichols,1-973-689-7743,eget.odio@google.net,68276-752,Paraíba
Micah Flowers,1-575-242-5362,sed.congue@hotmail.ca,36833515,São Paulo
Allegra Hull,(724) 349-3694,sed.molestie@google.org,67126-653,Paraíba
Michael Leach,(462) 565-8801,ipsum.donec.sollicitudin@google.org,61668-338,Bahia
Cedric Atkinson,(505) 691-6598,massa.mauris@hotmail.org,45462-489,Bahia
Berk Henry,1-262-678-0576,tristique@google.com,90966-482,Minas Gerais
Rashad Contreras,(356) 216-2658,ipsum.sodales@protonmail.net,89953-827,Bahia
MacKensie Rosario,1-845-245-5781,arcu.iaculis@icloud.couk,19753-708,Rio Grande do Sul
Lillith Dominguez,1-675-437-8293,ornare.sagittis.felis@yahoo.edu,88078-332,Goiás
Quynn Weber,1-624-253-4517,amet.ante.vivamus@hotmail.net,67658-873,Goiás
Hadley Preston,1-353-394-7746,cum.sociis.natoque@protonmail.org,13412-877,Paraná
Sophia Fuller,1-866-646-7284,diam.nunc.ullamcorper@protonmail.couk,38952875,Paraná
Malcolm Stephens,1-868-672-7184,nullam.lobortis@yahoo.net,61755-834,São Paulo
Mary Schroeder,(311) 547-3989,quisque.purus@hotmail.net,88157-261,Bahia
Keiko Santiago,1-187-152-3188,cras.convallis@outlook.ca,12647-828,São Paulo
Sybil Boyd,1-237-285-6286,pede.blandit@icloud.ca,65271-659,Ceará
Mollie Carpenter,1-566-270-2347,commodo@hotmail.edu,33144173,Pernambuco
Briar Santos,1-828-337-1842,et.pede.nunc@protonmail.org,62035-823,Minas Gerais
Neil Stein,(423) 625-0648,metus.vivamus.euismod@outlook.ca,84112-263,Santa Catarina
Ariel Richard,(715) 175-1435,interdum.ligula.eu@yahoo.couk,68413-635,São Paulo
Lev Ortiz,1-327-112-4704,mauris.morbi@icloud.couk,96846-682,Paraíba
Brandon Wilson,1-284-416-6425,iaculis.aliquet@google.ca,53787-478,Bahia
Benjamin Kennedy,1-668-132-8915,scelerisque.scelerisque.dui@protonmail.edu,88910-368,Paraíba
Ezra Talley,1-457-510-7738,mauris.erat@outlook.org,55781-431,Pará
Galena Goodwin,1-652-548-8181,dui.cras@aol.org,63294-538,Santa Catarina
Dorian Watts,1-713-938-1588,ut.semper@icloud.couk,75778-950,Pará
Troy Mccall,(534) 753-5236,primis@yahoo.edu,58562-800,Pará
Kato Miller,1-428-684-3832,duis.ac@aol.ca,75715-528,Pernambuco
Sharon Pate,1-951-845-7684,a.dui@google.net,15464-795,Ceará
Lamar Noble,(114) 389-8153,aliquam.gravida@icloud.org,67655-385,Maranhão
Ross Good,1-637-604-6429,est.ac@aol.edu,44626-577,São Paulo
Veronica Ayala,1-712-266-7857,nulla.semper.tellus@aol.net,89469-499,Minas Gerais
Gloria Williamson,1-216-444-9187,in.consequat.enim@protonmail.net,32678342,Bahia
Emery Alford,(539) 135-4714,arcu.ac.orci@yahoo.com,68231-284,Maranhão
Warren Rivas,1-743-485-5932,scelerisque@google.net,89618-859,Rio Grande do Sul
Clayton Chapman,(240) 928-7849,lacus@outlook.org,60393-521,Pernambuco
Zena Clark,1-746-761-3589,volutpat.nulla@hotmail.net,52707-159,Ceará
Ulric Rodriquez,1-204-327-6384,arcu.morbi.sit@aol.edu,62874-306,Rio de Janeiro
Chandler Beard,(254) 965-7156,malesuada.fames@outlook.com,60420-546,Rio Grande do Sul
Noble Norman,1-115-557-7103,nisl.elementum@google.couk,51879-742,Goiás
Madaline Haley,1-711-282-1977,eget@hotmail.edu,62918-167,Maranhão
Tobias Frank,1-253-796-4107,odio@yahoo.com,62223-257,Bahia
Rooney Cox,(623) 701-5252,at.pede@google.ca,14202-224,Paraíba
Lucius Bender,1-712-713-8189,dolor.fusce@aol.net,42452-425,Pernambuco
Xyla Alston,(296) 942-6256,scelerisque.neque@google.couk,35630224,Goiás
Latifah Sharpe,1-427-862-6624,eros@icloud.couk,43928-303,Ceará
Graiden Wheeler,(135) 864-3304,ut@icloud.com,61115-485,Minas Gerais
Colton Mcdaniel,1-376-491-2470,augue.scelerisque@protonmail.org,33524876,Bahia
Christine Haney,(995) 363-8665,non.luctus@yahoo.com,74778-143,Paraná
Bradley Fry,1-513-556-4513,etiam.ligula@yahoo.org,62213-847,Rio Grande do Sul
Lareina Fernandez,1-543-482-9361,lobortis.nisi@icloud.org,67642-541,Maranhão
Bethany Carver,1-854-915-1081,fringilla.mi.lacinia@google.couk,17638-022,Minas Gerais
Clementine Reese,1-558-387-6766,arcu.vestibulum.ante@icloud.com,74737-731,Ceará
Mercedes Buckley,1-711-335-1176,tellus.phasellus@outlook.ca,15016-497,Minas Gerais
Kevin Colon,1-246-714-4713,aliquet.diam@google.couk,73765-162,Minas Gerais
Zephania Ruiz,1-576-831-2548,egestas.nunc.sed@google.couk,93379-732,Ceará
Charlotte Nieves,(514) 585-6048,lectus@yahoo.ca,15514-374,Minas Gerais
Austin Castaneda,(825) 877-9865,fermentum.arcu.vestibulum@aol.org,74733-285,Rio Grande do Sul
Sharon Garner,1-216-748-8622,at.iaculis@google.couk,83114-327,Pernambuco
Halee James,1-976-334-2527,vivamus.rhoncus@protonmail.couk,76738-474,Rio de Janeiro
Jeremy Haynes,1-343-687-7044,ut.tincidunt@yahoo.ca,73741-174,Pernambuco
Dale Newton,1-695-535-3527,arcu@protonmail.net,12136-463,Pernambuco
Carter Russell,(963) 215-8032,sed@aol.com,43067-491,Maranhão
Yolanda Wilson,(844) 526-1116,faucibus.id@protonmail.edu,90881-998,Bahia
Benedict Church,1-717-345-2047,aliquam.erat@google.org,81803-972,Goiás
Thane Mcintyre,1-521-604-8207,pede.nec@yahoo.edu,24051-215,Bahia
Iliana Barry,1-474-719-4075,porttitor@icloud.org,58892-928,Paraná
Amal Ward,1-505-236-7546,donec@google.edu,23967-726,São Paulo
Anthony Booker,1-156-476-8846,aenean.eget.magna@icloud.couk,21766-736,Pará
Adrian Underwood,1-200-315-8393,vivamus@yahoo.couk,74728-280,Ceará
Heather Solomon,(594) 654-1117,nascetur@aol.edu,62838-131,São Paulo
Aurelia Dodson,(284) 656-3826,sed.pede@yahoo.org,24245-746,Pernambuco
Ciara Ball,1-926-769-1207,at.lacus.quisque@yahoo.edu,66061-162,Rio de Janeiro
Rhoda Prince,(164) 863-3892,dolor.tempus.non@aol.org,58384-327,Minas Gerais
Cain Burch,(122) 435-7611,arcu@google.net,75788-904,Bahia
Hector Guerrero,1-451-669-8614,praesent.eu@outlook.couk,43588-366,Santa Catarina
Amos Workman,1-335-817-6188,non@icloud.edu,68224-794,Ceará
Leonard Steele,1-540-781-3389,felis.orci@protonmail.edu,75772-746,Pernambuco
Ferdinand Underwood,1-873-426-8967,bibendum@aol.org,74777-816,Paraná
Libby Barrera,(231) 421-4641,nullam.feugiat.placerat@protonmail.net,65472-673,Ceará
Amela Hurst,1-973-981-6766,adipiscing.lacus@yahoo.net,58528-158,Paraná
Sandra Carey,(666) 993-1106,diam.dictum@outlook.couk,68503-814,Goiás
Allegra Weiss,(858) 270-4371,mauris.id.sapien@icloud.net,89480-474,Pernambuco
Michael Moreno,1-235-188-5428,tempus@hotmail.ca,43236-533,Rio Grande do Sul
Vielka Jimenez,(947) 364-8775,nunc.sed.pede@aol.com,82137-936,Santa Catarina
Bruce Branch,(713) 300-1522,egestas.ligula@protonmail.org,84733-183,Maranhão
Dustin Franco,(391) 423-2577,tortor.nunc@aol.edu,41425-139,Minas Gerais
Rahim Howe,(433) 933-1635,cursus.integer.mollis@yahoo.net,74761-411,Paraíba
Amal Herman,1-627-688-2986,aliquam.arcu.aliquam@protonmail.edu,75740-950,Rio de Janeiro
Omar Crosby,1-397-618-1485,elit.nulla@yahoo.com,99114-233,Maranhão
Ira James,(543) 385-9197,suspendisse.sed@icloud.org,55633-443,Pará
Nita Pate,1-335-214-0732,praesent.eu.dui@hotmail.net,35543627,Rio Grande do Sul
Bree Graves,(782) 316-1330,blandit.at@aol.ca,74752-480,Pará
Kylynn Harrison,1-533-743-3411,eu@hotmail.ca,89061-432,Pará
Jack Jackson,(298) 631-9316,erat.volutpat@outlook.org,81440-722,Pará
Keith Romero,1-886-711-9641,malesuada.vel@icloud.couk,22422-174,Maranhão
Rowan Nixon,1-444-575-3713,dictum@outlook.com,17284-342,Maranhão
Linus Waters,1-411-853-7408,gravida.molestie.arcu@icloud.net,92143-724,Paraíba
Shelley Clay,(439) 423-3335,euismod@aol.couk,88376-715,Pernambuco
Arden Grimes,(234) 367-5232,praesent.eu@icloud.edu,35584167,Rio de Janeiro
Calvin Downs,1-805-678-1969,sed.sem.egestas@google.couk,54543-948,Goiás
Ronan Mcneil,1-732-488-3484,vivamus@aol.com,86432-814,Ceará
Holly Wilkinson,1-374-723-6627,ut.pharetra.sed@icloud.com,14235-702,Bahia
Alika Simpson,(779) 275-7262,pharetra.felis.eget@outlook.com,89339-533,Bahia
Finn Medina,(576) 615-3785,pellentesque.ut@outlook.ca,94166-653,Minas Gerais
Ursula York,(268) 455-7357,lobortis.tellus.justo@outlook.ca,58266-449,Maranhão
Gray Stokes,1-573-352-5407,velit@aol.org,65839-478,Goiás
Edward Price,1-687-462-1772,nunc.nulla@hotmail.org,44403-845,Rio de Janeiro
Moses Workman,(804) 637-5987,pede.sagittis.augue@outlook.net,89861-728,Santa Catarina
Mariko Gates,(177) 260-3053,lacus.mauris@google.com,67412-187,Paraíba
Berk Malone,1-343-326-9707,tempus.risus@icloud.net,65570-167,Paraíba
Abdul Petersen,(745) 597-2584,proin.sed@icloud.couk,58767-947,Pará
Hamilton Delacruz,(511) 555-5922,primis@protonmail.edu,58782-352,Pernambuco
Meghan Colon,(760) 390-3144,velit.aliquam@hotmail.com,63184-888,Pará
Alma Alford,(818) 617-6743,aliquam.iaculis.lacus@yahoo.org,55803-949,Paraíba
Dale Hull,(712) 867-3797,tristique@google.edu,65874-766,Minas Gerais
Glenna Valencia,1-238-884-4093,cubilia@google.org,65262-231,Maranhão
Troy Olsen,(448) 383-7822,metus.aliquam@yahoo.ca,65813-903,Maranhão
Gwendolyn Newman,1-548-509-5416,eu@yahoo.ca,84016-120,Rio de Janeiro
Perry Young,(388) 472-1191,odio.etiam@icloud.edu,56468-089,Rio Grande do Sul
Harriet Weeks,(320) 828-6273,ultricies@icloud.com,81183-852,Paraíba
Nasim Merritt,1-597-517-2551,curabitur.egestas@protonmail.edu,58561-261,Rio de Janeiro
Leslie Bailey,(573) 872-5751,tortor.nibh@protonmail.org,88746-617,Paraíba
Sharon Noel,1-659-158-4732,erat.semper.rutrum@hotmail.com,89262-254,Ceará
Jaquelyn Whitehead,1-355-702-8661,magna@icloud.ca,65138-461,Maranhão
Heidi Prince,1-588-391-2387,integer@protonmail.edu,95467-667,Minas Gerais
Tanisha Gilliam,(460) 266-6663,nam.porttitor@protonmail.couk,26061-126,Ceará
Kibo Estes,(713) 357-6203,lobortis.tellus.justo@protonmail.org,89105-386,Ceará
Kuame Bolton,1-222-426-5184,donec.feugiat@aol.edu,87281-247,Pará
Davis Jones,(441) 374-0074,phasellus@icloud.couk,34261958,Paraíba
Jason Lawrence,1-459-259-0248,dui@hotmail.ca,35152724,Ceará
Jonas May,1-781-729-8837,porttitor.scelerisque.neque@outlook.org,47135-294,São Paulo
Ulysses Nieves,1-478-883-3685,dictum.magna@yahoo.com,84945-567,Bahia
Shelley Lyons,(111) 204-3766,convallis.ante@google.org,54115-046,São Paulo
Daryl Mcpherson,(386) 329-3572,lacus.nulla.tincidunt@protonmail.org,68235-753,São Paulo
Jocelyn Frank,(273) 307-6051,habitant.morbi@outlook.edu,89102-304,Pará
Susan Dean,(693) 621-7564,arcu.sed.et@yahoo.ca,65672-086,Paraíba
Matthew Suarez,1-617-389-3121,turpis@google.edu,53466-278,Paraná
Omar Merritt,1-601-482-7490,nunc.sed@hotmail.ca,31123768,Paraíba
Daquan Lane,(612) 736-6723,et.pede.nunc@outlook.org,98828-182,Ceará
Audra Reeves,1-423-873-2423,aenean@outlook.edu,73752-036,Rio Grande do Sul
Nigel Gilbert,(326) 472-0063,vitae@outlook.com,75712-448,Paraíba
Kerry Good,1-408-555-6348,sollicitudin@hotmail.net,23431-688,Ceará
Hu Robinson,(841) 103-4131,nunc.sed@google.couk,85684-553,Paraná
Chastity Parker,1-271-928-5126,et.ultrices.posuere@protonmail.com,17212-816,Pará
Risa Pitts,(262) 525-4861,scelerisque@yahoo.com,85645-883,Maranhão
Myles Buckley,(380) 989-7651,nullam.velit.dui@google.couk,67714-252,Paraíba
Alma Bass,(524) 535-9052,eleifend@outlook.couk,63777-017,Bahia
Hedy Bradford,1-515-828-6268,facilisis.vitae@aol.net,19295-177,Santa Catarina
Bree Arnold,(906) 883-7263,montes.nascetur@yahoo.ca,65592-696,Minas Gerais
Nicole Reilly,1-555-362-3677,dictum@google.edu,92868-910,Rio Grande do Sul
Jordan Keller,1-422-513-6791,ullamcorper@icloud.net,66103-328,Pernambuco
Jeremy Koch,(232) 321-2611,ligula.aenean@hotmail.edu,76762-731,Pernambuco
Wanda Webb,(844) 250-3214,nam.interdum@yahoo.edu,74728-672,Rio de Janeiro
Chadwick Nielsen,1-196-165-2920,est.nunc.laoreet@google.couk,47582-259,Rio de Janeiro
Judah Myers,1-941-537-1643,dui.nec@yahoo.ca,58161-384,Santa Catarina
Elizabeth Briggs,(682) 373-7723,justo.eu@hotmail.com,92458-637,Bahia
Azalia Vaughan,(403) 513-9133,sollicitudin@protonmail.edu,98378-020,Paraná
Callie Koch,1-519-554-6653,aliquam.eros@outlook.couk,58883-187,Rio de Janeiro
Travis Rice,(211) 923-4318,justo.praesent.luctus@hotmail.org,88144-261,Bahia
Iris Rosales,1-792-708-8567,hendrerit.donec@protonmail.ca,94384-423,Minas Gerais
Imani Shaffer,(772) 332-0525,risus@icloud.net,67177-153,São Paulo
Kennedy Andrews,(387) 686-4226,aenean.eget.magna@google.org,65997-241,Maranhão
Leroy Barlow,1-706-758-7777,cursus.et@hotmail.couk,22690-205,Pará
Mollie Perkins,1-372-593-9278,magnis.dis@icloud.edu,58222-117,Rio de Janeiro
Beck Bradshaw,1-863-887-4521,mi.ac.mattis@protonmail.com,58687-682,Rio Grande do Sul
Nathaniel Mccarthy,(395) 185-1657,curabitur.consequat@hotmail.edu,60508-414,Bahia
Ronan Kent,(464) 734-4775,tempor@icloud.couk,14907-990,Pernambuco
Carl Sutton,(481) 167-4747,auctor@google.com,42326-676,São Paulo
Melanie Thomas,(484) 846-1886,orci@yahoo.org,18651-660,Ceará
Hermione Duncan,1-701-885-4166,urna.et@google.net,58405-559,São Paulo
Ryan Reyes,(799) 437-5879,non.feugiat@icloud.edu,67309-985,Rio Grande do Sul
Benjamin Singleton,(518) 768-9649,scelerisque.neque@protonmail.org,62032-136,Rio de Janeiro
Jillian Dixon,(389) 260-7486,urna.suscipit.nonummy@hotmail.ca,39944375,Paraná
Orlando Fields,1-477-116-1672,nullam@protonmail.edu,52550-417,Goiás
Mechelle Mcmahon,1-128-638-1722,nulla.integer@protonmail.org,53183-411,Santa Catarina
Robert Lawrence,(390) 927-7787,odio@aol.ca,94285-443,Ceará
Maryam Talley,(831) 889-7468,sed.id@outlook.ca,92167-193,Maranhão
Lester Beach,1-317-486-2712,gravida.mauris@google.couk,81167-723,Paraíba
Rashad Dunn,(771) 548-2288,ultrices.a.auctor@aol.ca,90144-858,Paraíba
Rose Morin,(872) 511-4425,non.leo@outlook.org,47803-753,Ceará
Tanisha Benjamin,1-578-329-2273,augue.scelerisque@protonmail.org,18052-551,São Paulo
Kay Craft,(822) 538-0502,magna.suspendisse.tristique@icloud.com,46861-802,Pará
Dexter Ayers,(319) 882-0664,libero.dui@hotmail.org,82261-728,Maranhão
Joseph Kerr,1-234-650-8254,risus.in@outlook.net,67333-639,Pará
Abra Stanton,(232) 827-8732,pellentesque.massa@hotmail.couk,15570-671,Maranhão
Gary Mckay,1-786-550-5383,fringilla@protonmail.ca,18776-265,Rio de Janeiro
Nayda Fitzgerald,(184) 577-0347,sodales.elit@icloud.org,65247-718,Rio Grande do Sul
Sacha Diaz,1-541-519-4285,in.hendrerit@hotmail.com,65037-847,Rio Grande do Sul
Bevis Lindsey,1-814-813-5079,sit.amet@protonmail.ca,89548-914,Minas Gerais
Sylvia Mccarty,1-824-962-9622,sem.ut@protonmail.net,85374-856,Bahia
Jorden Merritt,(775) 551-8735,sed.orci.lobortis@yahoo.ca,17345-942,Pernambuco
Aladdin Mosley,(960) 518-8795,elit@google.org,84457-466,Minas Gerais
Melvin Mcleod,1-896-566-6735,velit.sed@protonmail.org,96381-736,Ceará
Quamar Fleming,1-325-167-5580,lectus.ante@icloud.org,88868-465,Bahia
Hall Silva,(823) 866-0831,eu.augue@hotmail.com,60388-758,São Paulo
Imogene Fletcher,1-761-318-0333,nec@outlook.couk,74719-786,Santa Catarina
Vivian Jacobs,1-669-717-7737,arcu.nunc@icloud.couk,98181-576,São Paulo
Zeph Sykes,1-328-275-8090,cubilia.curae@protonmail.couk,58437-659,Rio Grande do Sul
Geoffrey Michael,1-455-356-0531,eget.venenatis.a@yahoo.com,25821-849,Santa Catarina
Joy Ramsey,(585) 638-7463,tincidunt.orci.quis@aol.ca,88366-257,Bahia
Tatyana Henderson,1-184-365-8676,mollis.dui@icloud.couk,82640-673,Goiás
Seth Curry,1-403-352-2294,cubilia@aol.couk,43183-376,Ceará
Raphael Carey,(521) 902-5337,et.magnis@aol.net,47518-642,Maranhão
Kasimir Santiago,1-797-427-7411,dui.fusce@outlook.com,75778-124,Rio Grande do Sul
Ethan Castro,1-823-655-2032,ac.risus.morbi@protonmail.ca,21485-705,Rio Grande do Sul
Zeph Preston,(880) 532-3480,nec.metus.facilisis@outlook.org,12233-779,São Paulo
Kieran Gill,1-273-698-7642,pharetra.nam@icloud.couk,15193-651,Paraíba
Medge Mckenzie,1-496-320-4725,luctus@icloud.couk,44601-339,Rio de Janeiro
Joshua Luna,1-545-826-6167,augue.ac@outlook.ca,84368-769,Pernambuco
Branden Merritt,1-626-286-8545,tincidunt.tempus.risus@protonmail.couk,31526414,Rio Grande do Sul
Henry Mcfarland,1-345-408-8216,turpis.egestas@aol.couk,65535-243,São Paulo
Zenia Coleman,1-261-362-6372,auctor.mauris@icloud.net,56202-213,Minas Gerais
Leonard Morse,(938) 683-9493,iaculis.enim@outlook.couk,62556-264,Goiás
Bruno England,1-488-758-8116,vitae.mauris@aol.couk,58705-577,Bahia
Evan Morrison,1-772-407-2737,hendrerit.donec@outlook.net,51774-211,Maranhão
Wylie Santana,(588) 777-8641,eu@protonmail.net,75778-818,Santa Catarina
Ulysses Butler,(313) 519-7533,pellentesque.habitant@icloud.net,68371-248,Pernambuco
Yen Cunningham,(358) 221-2112,sapien.nunc.pulvinar@outlook.com,65018-718,São Paulo
Lydia Stark,(696) 653-5123,eget.ipsum.donec@google.ca,18252-134,Goiás
Beck Smith,(920) 952-8971,non.feugiat.nec@yahoo.ca,22813-750,Paraíba
Whoopi Carr,1-877-481-1446,arcu.nunc@yahoo.edu,36268286,Maranhão
Kylynn Levy,1-957-790-6477,auctor.vitae.aliquet@protonmail.edu,85451-762,Santa Catarina
Byron Nicholson,(492) 181-4631,erat@protonmail.couk,58600-733,São Paulo
Odette Kinney,(664) 786-2947,ridiculus@outlook.org,89764-582,Bahia
Jarrod Contreras,1-201-730-3374,morbi.tristique@yahoo.net,36273661,Goiás
Lyle Goodman,1-413-721-9049,sed.nec@outlook.com,96568-388,Paraíba
Kirestin Weeks,(810) 173-4673,pede.nunc.sed@google.couk,89694-805,Rio de Janeiro
Norman Cook,(646) 794-6885,nulla@protonmail.edu,17013-619,Pernambuco
Cecilia Benjamin,(223) 633-2683,pharetra.quisque@google.edu,28493-118,Paraná
Basia Conrad,(524) 170-6132,vulputate.risus@aol.couk,41354-029,Santa Catarina
Orla James,(630) 442-5508,sed.molestie@outlook.net,88570-264,Santa Catarina
Cassady Fry,(267) 865-6051,donec.egestas@aol.edu,96306-133,Paraná
Kai Mccoy,1-581-741-5837,lectus.convallis.est@outlook.ca,74768-697,São Paulo
Lars Suarez,(708) 346-9818,at.augue@protonmail.net,65387-891,Pará
Kadeem Carroll,(346) 571-1206,nonummy.fusce@yahoo.edu,58784-368,Paraíba
Hamilton Hughes,1-489-363-9623,lorem.luctus@yahoo.com,66154-260,Rio Grande do Sul
Henry Hess,(812) 166-5733,cursus.integer.mollis@google.couk,85977-846,Santa Catarina
Honorato Cole,1-172-624-1337,vivamus.nibh@yahoo.com,75755-662,Rio Grande do Sul
Simone Hamilton,(393) 822-8621,semper.cursus@outlook.com,75760-733,Pará
Althea Johns,(478) 222-5435,nec.mauris.blandit@yahoo.net,91367-165,Paraná
Signe Gordon,(222) 741-3185,lacinia.at@protonmail.couk,20916-065,Paraíba
Karen Mathis,(716) 427-6150,eu.neque@hotmail.com,55474-983,Goiás
Norman Shepherd,(513) 822-7644,phasellus.fermentum.convallis@icloud.com,89227-024,Paraná
Emma Beach,1-865-718-1240,eleifend.egestas@hotmail.couk,65233-291,São Paulo
Basia Copeland,1-782-704-1788,auctor.ullamcorper@protonmail.com,21317-761,Ceará
Brennan Peterson,1-241-673-2611,vel.quam.dignissim@yahoo.couk,22235-512,Ceará
Alec Barrett,(487) 154-7933,taciti.sociosqu.ad@google.net,73714-445,Maranhão
Joseph Petty,(981) 678-2340,egestas.a@outlook.edu,93757-228,Bahia
May Hancock,(627) 753-3213,malesuada.fames@protonmail.edu,47225-816,Pará
Aladdin Fitzpatrick,1-629-742-7343,lobortis.ultrices@protonmail.ca,91615-591,Goiás
Blythe Witt,1-585-727-4147,justo.nec@protonmail.couk,88357-816,Paraíba
Sylvia Mathis,(703) 762-3850,sagittis.duis@icloud.org,75706-866,Pernambuco
Darius Buchanan,1-651-246-4982,elit.dictum.eu@yahoo.couk,67153-578,Ceará
Avye Carr,1-829-317-2333,odio.tristique@aol.edu,31380695,Rio de Janeiro
David Leblanc,(771) 267-6109,facilisis@hotmail.edu,68186-226,Minas Gerais
Kalia Dudley,(541) 796-4283,amet.consectetuer@google.net,88107-774,Rio de Janeiro
Tanner Cannon,(927) 244-1218,bibendum@icloud.couk,45234-684,Paraná
Joelle Richmond,1-377-641-0053,est@icloud.couk,46512-383,São Paulo
Amaya Mcmillan,1-398-613-2561,tempor.est@outlook.ca,89295-245,Bahia
Chava England,1-440-241-2276,sed.auctor.odio@google.com,63792-188,Rio Grande do Sul
Rafael Fuentes,1-249-269-1667,hendrerit.a@yahoo.net,18584-590,Bahia
Flynn Carrillo,1-862-788-7967,in@icloud.ca,61030-013,Paraná
Tobias Lindsay,(452) 462-7280,donec@protonmail.ca,20858-416,Pernambuco
Britanni Ferrell,(135) 717-5947,sed@yahoo.ca,66378-760,Minas Gerais
Bradley Kirk,1-688-668-4689,cursus.a.enim@yahoo.couk,98812-148,Rio de Janeiro
Tarik Pena,(483) 274-8562,dolor@protonmail.ca,21311-717,Pará
Rana Dennis,1-522-541-8225,lobortis.mauris.suspendisse@icloud.couk,27774-249,Paraná
Octavius Dixon,1-381-907-4644,ac.tellus@icloud.org,44749-122,Rio de Janeiro
Ava Michael,(444) 655-7446,elit.erat@icloud.org,83907-831,Rio de Janeiro
Orlando Merrill,1-341-264-5459,erat.neque@hotmail.net,86157-577,Pernambuco
Wendy Mercer,(483) 434-3419,nullam@yahoo.ca,65206-015,Pernambuco
Phoebe Ferrell,(378) 647-7375,euismod.ac@icloud.org,63607-814,Rio de Janeiro
Mikayla Jacobs,(488) 582-3288,dictum.magna.ut@aol.couk,90331-248,Maranhão
Howard Rosario,1-820-512-6393,duis@icloud.net,67542-638,Minas Gerais
Jolene Roberson,(356) 741-0512,vel.turpis@hotmail.couk,54226-244,Rio Grande do Sul
Uma Eaton,(266) 441-5724,natoque@hotmail.org,74772-584,Minas Gerais
Stone Cunningham,1-874-217-3730,tellus.phasellus.elit@google.net,34856420,Pernambuco
Abel Garner,(624) 917-6370,curabitur.dictum@icloud.couk,88446-746,Rio de Janeiro
Sonya Vinson,1-753-255-3141,dui@outlook.org,58684-465,Ceará
Lilah Arnold,(547) 403-3231,blandit.viverra.donec@protonmail.com,88235-189,Pará
Alfreda Brown,1-631-871-7010,ullamcorper.magna@icloud.com,56340-621,Paraíba
Tiger Bright,(812) 249-0222,aenean@yahoo.org,12226-593,Rio Grande do Sul
Chastity Mueller,(641) 517-3377,sapien.imperdiet@protonmail.edu,19636-579,Ceará
September Wilcox,(116) 175-5461,tincidunt.aliquam.arcu@hotmail.couk,34573718,Bahia
Jenette Lambert,1-833-626-4551,vel.turpis@icloud.couk,38176112,Maranhão
Isaiah Jennings,1-260-439-4518,cras.vehicula@protonmail.org,13131-617,São Paulo
Gemma Michael,(313) 750-8831,nunc.in.at@google.com,88835-299,Ceará
Colin Hunt,(683) 823-3262,sagittis.duis.gravida@icloud.edu,66101-842,Goiás
Tanek Mcgee,1-982-766-0099,aliquet.molestie@yahoo.net,58285-165,Santa Catarina
Brianna Mccullough,(417) 676-3131,augue@yahoo.couk,82382-386,Bahia
Hanna Shelton,(420) 396-4868,dolor.tempus@hotmail.edu,65642-854,São Paulo
Holmes Stanton,1-232-382-4643,arcu.imperdiet.ullamcorper@google.couk,60832-895,Paraíba
Lars Rowe,(855) 457-9533,tincidunt.aliquam@protonmail.ca,50832-159,Maranhão
Louis Lambert,(402) 560-9718,ac.sem@hotmail.net,44666-754,Santa Catarina
Jillian Fernandez,1-863-308-3451,euismod.et@aol.com,32736445,Paraná
Aphrodite Best,1-779-192-6234,tristique.ac@icloud.org,75751-418,Minas Gerais
Coby Montgomery,(716) 484-2153,mi@aol.org,33599428,Rio Grande do Sul
Hilary Potts,1-472-543-5723,mus.aenean@outlook.ca,81334-636,Rio de Janeiro
Carissa Gutierrez,(841) 207-6241,aliquet.metus@icloud.com,95284-792,Bahia
Sage Nunez,(246) 331-3378,egestas.a@aol.ca,76775-848,Paraná
Thor Cantrell,1-947-546-6990,quam.curabitur.vel@outlook.edu,62515-465,Minas Gerais
Ori Allen,(375) 281-2353,fames.ac.turpis@yahoo.couk,87405-383,Pará
Noble Roy,1-387-857-7272,ipsum.donec.sollicitudin@yahoo.org,33033433,Pará
Nissim Mathis,(147) 616-6201,nulla.cras.eu@protonmail.com,84134-895,Minas Gerais
Gray Davenport,(318) 692-6026,augue.scelerisque.mollis@google.ca,14163-705,Goiás
Judah Mejia,(556) 694-1577,inceptos.hymenaeos.mauris@hotmail.edu,63760-407,Minas Gerais
Lesley Vasquez,(366) 813-7131,proin.sed@aol.net,20527-935,Rio de Janeiro
Ursa Rosa,1-298-110-5614,auctor.non@hotmail.ca,66879-857,Rio de Janeiro
Martin Gamble,(494) 813-7097,nisl.maecenas@icloud.edu,67384-598,Goiás
Henry Gilbert,1-772-996-8857,nulla.magna@hotmail.org,75750-703,Minas Gerais
Colette Logan,(833) 625-2153,vel.venenatis@aol.org,40471-132,Rio de Janeiro
Ebony Porter,1-291-283-5572,pellentesque.habitant.morbi@yahoo.org,88137-855,Paraná
Alvin Spence,1-671-823-9337,cursus.a@protonmail.com,65373-598,São Paulo
Wing Vang,1-355-784-8636,lorem.ac@outlook.org,95684-179,Ceará
Maia York,(611) 771-7453,nulla.in@yahoo.net,87135-629,São Paulo
Kylee Stanton,1-762-483-4262,ac.arcu@icloud.ca,65342-733,Santa Catarina
Tatyana Michael,(785) 471-1560,tortor.integer@icloud.edu,88563-193,Pará
Colt Clayton,1-555-899-6493,ornare.in@yahoo.org,41796-701,Goiás
Lee Huffman,(621) 569-5939,magna.a@icloud.org,89276-526,Bahia
Kane Singleton,(533) 671-2570,aliquet.lobortis.nisi@icloud.edu,80103-451,Rio Grande do Sul
Bert Dominguez,1-643-108-8737,nulla.dignissim.maecenas@hotmail.com,85806-824,Rio Grande do Sul
Thor Leon,(615) 231-2281,massa.vestibulum.accumsan@google.ca,60519-656,Minas Gerais
James Walker,1-217-993-6676,neque.non@hotmail.com,74733-367,Pernambuco
Giacomo Hahn,(245) 217-8954,sem.semper@outlook.com,88879-050,Pernambuco
Aristotle Dudley,1-351-441-1885,risus@icloud.com,26380-640,Minas Gerais
Keiko Guerra,(902) 556-4816,ipsum.porta@aol.ca,47660-857,Rio Grande do Sul
Craig Avila,1-625-182-6728,felis.ullamcorper@aol.com,32547712,Minas Gerais
Dexter Fitzpatrick,1-245-526-0338,convallis.ligula.donec@hotmail.couk,58312-867,Pernambuco
Fitzgerald Peters,(256) 250-1220,arcu@hotmail.com,21421-478,Rio de Janeiro
Jonas Holman,1-218-241-2739,orci@hotmail.ca,48274-856,Pará
Kato Horton,1-226-322-5387,vel.pede@google.edu,89521-333,Pernambuco
Kane Kirby,(152) 571-7830,risus@protonmail.com,75769-421,Bahia
Tyrone Weaver,1-823-347-4824,ut.lacus.nulla@yahoo.edu,89442-747,Rio Grande do Sul
Ali Gallagher,1-355-207-5458,vestibulum.ante.ipsum@outlook.com,74789-265,Maranhão
Fitzgerald Everett,1-475-805-9115,ac.mi.eleifend@hotmail.edu,95179-385,Maranhão
David Boone,1-672-884-3289,orci.in.consequat@hotmail.couk,88263-578,Pará
Brenden Wise,1-774-583-6132,vitae@protonmail.ca,55502-843,Paraíba
Devin Hodge,1-648-571-9822,non.cursus.non@google.net,15557-407,Paraná
Steven Nash,1-342-754-3556,donec@hotmail.org,30371165,Maranhão
Keegan Weber,1-873-551-7406,fringilla.donec.feugiat@icloud.net,17587-648,Pará
Keaton Sheppard,(515) 881-2885,amet@yahoo.net,74765-709,Goiás
Kennedy Glenn,1-278-770-1319,ac@hotmail.ca,84133-867,Rio de Janeiro
Destiny Hurley,1-253-437-1568,vitae.velit.egestas@aol.edu,43895-668,Paraíba
Kirsten Willis,1-525-869-6661,nunc.quisque.ornare@google.ca,43718-300,Rio de Janeiro
Nicholas Reeves,(537) 805-2450,suscipit.est@protonmail.com,76749-511,Pará
Amaya Webb,1-238-668-8784,ipsum.porta@hotmail.edu,46550-008,Minas Gerais
Oprah Richmond,1-834-814-7640,hendrerit.neque@hotmail.net,26562-331,Paraná
Catherine Carrillo,(622) 860-2363,nec.tempus@google.org,91435-704,Rio de Janeiro
Baker Alvarez,1-494-612-4698,duis.sit.amet@hotmail.net,15749-255,Maranhão
Veronica Butler,(668) 243-4461,est.mauris@outlook.org,58451-186,Ceará
Hamilton Hoover,1-876-732-8531,arcu.vel@hotmail.org,74785-425,Pará
Tanya Blevins,(821) 841-2745,ridiculus.mus@google.ca,74758-668,Paraíba
Robin Wilson,(845) 551-0178,risus.nunc@hotmail.couk,60237-588,Paraná
Danielle Boyle,(275) 331-4381,vestibulum.ante@protonmail.couk,41636-084,Maranhão
Maris Russell,(753) 965-2829,ut.semper.pretium@hotmail.com,65478-764,Bahia
Willa Berger,1-325-465-2843,enim@protonmail.couk,52652-664,Paraíba
Carson Gardner,1-263-184-4861,non.ante.bibendum@aol.net,74717-588,Minas Gerais
Idona Pollard,1-854-458-6768,iaculis@protonmail.org,41859-144,Bahia
Jocelyn Mcdaniel,(534) 380-6530,ut.pharetra.sed@hotmail.couk,16431-761,Paraná
Harper Moreno,(435) 847-0768,nulla.ante@protonmail.net,44541-677,Pernambuco
Imani Hines,(671) 741-3733,blandit.at@yahoo.couk,94245-731,Pará
Tobias Oliver,(221) 800-4047,tellus@google.net,61214-476,Santa Catarina
Iona Jennings,1-793-587-1483,turpis.nec.mauris@hotmail.net,67445-621,Bahia
Len Short,1-360-958-4838,nullam@aol.ca,67505-408,Rio Grande do Sul
Zenaida Reed,(574) 673-3582,nam@icloud.org,53263-807,Bahia
Tarik Mccray,1-424-318-0915,sed.id.risus@yahoo.net,99318-618,Maranhão
Justine Smith,1-122-679-2720,suspendisse.sagittis@google.edu,48888-381,Santa Catarina
Summer Zamora,1-550-614-6174,vestibulum@google.edu,88310-764,Minas Gerais
Keith Bishop,1-755-380-3648,mauris@aol.com,43476-484,Maranhão
Arthur Britt,1-658-456-4836,ut@icloud.org,92168-771,Pernambuco
Kasper Cruz,(838) 701-8971,orci.ut@icloud.com,74734-288,Minas Gerais
Serena Whitney,(379) 736-4845,commodo.hendrerit@outlook.com,30483334,São Paulo
Mercedes Stevens,(815) 837-8564,fermentum.fermentum@google.ca,84758-963,Maranhão
Leroy Golden,1-420-656-4273,lectus.convallis@outlook.net,58828-446,Pernambuco
Zorita Baldwin,(359) 129-7668,eu@outlook.net,52512-777,Ceará
Jacob Burns,(843) 753-6560,dis.parturient@outlook.ca,33355314,Paraíba
Neil Patterson,1-368-625-3273,in@protonmail.com,89675-747,Goiás
Liberty Waters,(576) 646-4783,nunc.ac@protonmail.net,58570-445,Paraíba
Freya Spears,1-324-526-4668,leo.elementum@protonmail.org,16228-809,Ceará
Serina Austin,1-524-231-1438,scelerisque.sed.sapien@protonmail.ca,40541-477,Ceará
Bertha Terrell,(284) 622-5871,egestas.urna.justo@icloud.couk,12111-445,Goiás
Herrod Chapman,(511) 488-2172,dictum.ultricies@protonmail.net,21530-106,Rio de Janeiro
Guy Roman,1-300-865-3432,porttitor.vulputate@outlook.edu,25543-434,Goiás
Skyler Blackburn,1-665-585-2373,natoque.penatibus@aol.couk,66329-853,Rio Grande do Sul
